<?xml version="1.0" encoding="UTF-8" standalone="yes"?>
<addon id="plugin.video.supershortcuts" name="超級捷徑" version="1.0.26" provider-name="spoyser,misc123">
  <requires>
    <import addon="xbmc.python" version="2.1.0"/>
    <import addon="script.module.metahandler" version="2.7.0" />
  </requires>
  <extension point="xbmc.python.pluginsource" library="default.py">
        <provides>video</provides>
  </extension>
  <extension point="xbmc.service" library="service.py" start="startup" />
  <extension point="xbmc.addon.metadata">
    <summary lang="en">Modded from Super Favourites 1.0.18</summary>
    <description lang="en"></description>
    <platform>all</platform>
    <language>en</language>
    <license>GNU GENERAL PUBLIC LICENSE. Version 2, June 1991</license>
    <forum>http://forum.xbmc.org/showthread.php?tid=192662</forum>
    <website></website>
    <source></source>
    <email></email>
  </extension>
</addon>