<favourites>
    <favourite name="明報加拿大新聞" thumb="https://yt3.ggpht.com/a/AATXAJxwGG3aM2AJP0cZMxdTQRe66JRbBrc1BFHhH9TzLg=s176-c-k-c0x00ffffff-no-rj">ActivateWindow(10025,&quot;plugin://plugin.video.youtube/channel/UCuaiQk1XUTc3q4HaL36E_Dg/&quot;,return)</favourite>
    <favourite name="TVB NEWS 7:30 無綫新聞" thumb="https://yt3.ggpht.com/a/AATXAJyid1soOElgq9HnTXEL6OZ074mWD1QR9W-niwhD=s88-c-k-c0xffffffff-no-rj-mo">ActivateWindow(10025,&quot;plugin://plugin.video.youtube/playlist/PLKoXXVQa3yxCbgfZiuq61w9UhEI085PHu/&quot;,return)</favourite>
    <favourite name="TVB NEWS 6:30 無綫新聞" thumb="https://yt3.ggpht.com/a/AATXAJyid1soOElgq9HnTXEL6OZ074mWD1QR9W-niwhD=s88-c-k-c0xffffffff-no-rj-mo">ActivateWindow(10025,&quot;plugin://plugin.video.icdrama/?action=versions&amp;url=http%3a%2f%2fwww1.hkdrama.to%2fhk-show%2f1247-news-at-6-30%2f&quot;,return)</favourite>
    <favourite name="i-Cable News 有線新聞" thumb="https://yt3.ggpht.com/a/AATXAJxrVgKwGe9J-8K-rkrIrX9TL9QRRBGBBysxuSXt=s88-c-k-c0xffffffff-no-rj-mo">ActivateWindow(10025,&quot;plugin://plugin.video.youtube/playlist/PLIpRvnEkgEeVUPzeLS6JraRwmD3YcWkMz/&quot;,return)</favourite>
    <favourite name="東網點評" thumb="https://yt3.ggpht.com/-RaYcmdVASWQ/AAAAAAAAAAI/AAAAAAAAAAA/fSo0Yjk_GuQ/s240-c-k-no-rj-c0xffffff/photo.jpg">ActivateWindow(10025,&quot;plugin://plugin.video.youtube/playlist/PLKF-pTEnmquyxOTnG1gqPo2AmsBEjFjOI/&quot;,return)</favourite>
    <favourite name="TVB Anywhere Life" thumb="https://yt3.ggpht.com/ytc/AAUvwnhLGXzAdIsE_bJqP0xCfermSzLcaRpiwLVtlfTGWA=s176-c-k-c0x00ffffff-no-rj">ActivateWindow(10025,&quot;plugin://plugin.video.youtube/kodion/search/query/?q=TVBAnywhereLife&amp;search_type=playlist&quot;,return)</favourite>
    <favourite name="TVB (official)" thumb="https://yt3.ggpht.com/a/AATXAJyrcChFpzJm3kpa_inzd0JZARIi_MLD-iiOcQ=s100-c-k-c0xffffffff-no-rj-mo">ActivateWindow(10025,&quot;plugin://plugin.video.youtube/channel/UCD2SNRlEjxJODlwaKx-BoRw/playlists/&quot;,return)</favourite>
    <favourite name="ViuTV World" thumb="https://yt3.ggpht.com/ytc/AAUvwngc5OXDcn5P5rKChysPPHTICpfzx2Py4pEwnE7C=s176-c-k-c0x00ffffff-no-rj">ActivateWindow(10025,&quot;plugin://plugin.video.youtube/kodion/search/query/?q=ViuTV%20World&amp;search_type=playlist&quot;,return)</favourite>
    <favourite name="有線電視節目列表" thumb="https://yt3.ggpht.com/ytc/AAUvwnirCCZk8BJ0BJLWHaWP-iQYJfRbHegA44smxScsRQ=s176-c-k-c0x00ffffff-no-rj">ActivateWindow(10025,&quot;plugin://plugin.video.youtube/channel/UC_q7e5XYJB0JDGagcF0KW0w/playlists/&quot;,return)</favourite>
    <favourite name="Now 財經新聞" thumb="https://yt3.ggpht.com/a-/AAuE7mCbXlUdLACVHK8TKu8H6Rqmi1OpHIfW-Y6dIg=s288-mo-c-c0xffffffff-rj-k-no">ActivateWindow(10025,&quot;plugin://plugin.video.youtube/channel/UCChMBgirwM2nnT3Bbe8METQ/playlists/&quot;,return)</favourite>
    <favourite name="香港劇集" thumb="https://is3-ssl.mzstatic.com/image/thumb/Purple123/v4/a2/17/fb/a217fb01-9f8a-acec-83e7-e5765b47d8b7/AppIcon-0-1x_U007emarketing-0-0-85-220-0-7.png/1024x1024bb.png">ActivateWindow(10025,&quot;plugin://plugin.video.icdrama/?action=shows&amp;url=http%3a%2f%2ficdrama.to%2fhk-drama%2f&quot;,return)</favourite>
    <favourite name="Icdrama" thumb="special://home/addons/plugin.video.icdrama/icon.png">ActivateWindow(10025,&quot;plugin://plugin.video.icdrama/&quot;,return)</favourite>
    <favourite name="飲食頻道" thumb="special://home/bg/icons/cooking.png">ActivateWindow(10025,&quot;plugin://plugin.video.YTfood/&quot;,return)</favourite>
    <favourite name="流行經典50年" thumb="https://1327020374.rsc.cdn77.org/update/CA/Large/CantopopAt50_2020_Large.jpg">ActivateWindow(10025,&quot;plugin://plugin.video.icdrama/?action=versions&amp;url=http%3a%2f%2ficdrama.to%2fhk-show%2f2996-cantopop-at-50%2f&quot;,return)</favourite>
    <favourite name="財經透視" thumb="https://zh.wikipedia.org/wiki/File:Financial_Magazine.jpg">ActivateWindow(10025,&quot;plugin://plugin.video.icdrama/?action=versions&amp;url=http%3a%2f%2ficdrama.to%2fhk-show%2f1242-financial-magazine%2f&quot;,return)</favourite>
    <favourite name="新聞透視" thumb="https://upload.wikimedia.org/wikipedia/zh/thumb/6/64/Financial_Magazine.jpg/300px-Financial_Magazine.jpg">ActivateWindow(10025,&quot;plugin://plugin.video.icdrama/?action=versions&amp;url=http%3a%2f%2ficdrama.to%2fhk-show%2f1238-news-magazine%2f&quot;,return)</favourite>
    <favourite name="星期日檔案" thumb="https://www.google.ca/url?sa=i&url=https%3A%2F%2Fzh.wikipedia.org%2Fwiki%2F%25E6%2598%259F%25E6%259C%259F%25E4%25BA%258C%25E6%25AA%2594%25E6%25A1%2588&psig=AOvVaw1Hm7r61V31PkaGkg4WA_0u&ust=1608769538212000&source=images&cd=vfe&ved=0CAIQjRxqFwoTCODWzOLr4u0CFQAAAAAdAAAAABAX">ActivateWindow(10025,&quot;plugin://plugin.video.icdrama/?action=versions&amp;url=http%3a%2f%2ficdrama.to%2fhk-show%2f1241-sunday-report%2f&quot;,return)</favourite>
    <favourite name="TSC The shopping Channel(直播)" thumb="https://charmingmedia.ca/wp-content/uploads/2014/07/the-shopping-channel-logo.jpg">PlayMedia(&quot;plugin://plugin.video.playlistLoader/?logos=&amp;cache=0&amp;name=TSC+The+shopping+Channel%28%E7%9B%B4%E6%92%AD%29&amp;url=http%3A%2F%2Ftscstreaming-lh.akamaihd.net%2Fi%2FTSCLiveStreaming_1%4091031%2Fmaster.m3u8&amp;iconimage=&amp;mode=3&quot;)</favourite>
    <favourite name="最强大脑" thumb="https://yt3.ggpht.com/ytc/AAUvwngmIMZ2zhjnTOGM-B0dM0JZZ-axnNnfaMSXHMwX=s176-c-k-c0x00ffffff-no-rj">ActivateWindow(10025,&quot;plugin://plugin.video.youtube/kodion/search/query/?q=%e6%9c%80%e5%bc%ba%e5%a4%a7%e8%84%91&quot;,return)</favourite>
    <favourite name="2021生肖運程" thumb="https://yt3.ggpht.com/ytc/AAUvwnh7wvoUsI1pJnDIKElGxkTu-XWj8Wjqk_BWNZKtuQ=s800-c-k-c0x00ffffff-no-rj">ActivateWindow(10025,&quot;plugin://plugin.video.youtube/channel/UC0wKF9ei-sOPf1OswSOXTdQ/&quot;,return)</favourite>
</favourites>