<?xml version="1.0" encoding="UTF-8" standalone="yes"?>
<addon id="plugin.video.YTnews"
	name="時政熱點"
	version="1.1.6.37"
	provider-name="misc123">
  <requires>
    <import addon="xbmc.python" version="2.1.0"/>
    <import addon="script.module.addon.common" version="2.0.0"/>
    <import addon="plugin.video.youtube" version="5.0.0"/>
  </requires>
  <extension point="xbmc.python.pluginsource" library="default.py">
    <provides>video</provides>
  </extension>
  <extension point="xbmc.addon.metadata">
    <summary lang="en">時政熱點</summary>
    <description lang="en">時政熱點</description>
    <platform>all</platform>
    <forum></forum>
    <website></website>
  </extension>
</addon>
