<favourites>
	<favourite name="香港開電視(直播)" thumb="https://yt3.ggpht.com/a-/AAuE7mBcObYJRIG8L-9bskQKN13B8BzfiGeePfNPfg=s288-mo-c-c0xffffffff-rj-k-no">PlayMedia(&quot;plugin://plugin.video.playlistLoader/?logos=&amp;cache=0&amp;name=%E5%A5%87%E5%A6%99%E7%94%B5%E8%A7%8677%E5%8F%B0&amp;url=http%3A%2F%2Fmedia.fantv.hk%2Fm3u8%2Farchive%2Fchannel2.m3u8&amp;iconimage=&amp;mode=3&quot;)</favourite>
    <favourite name="有線新聞" thumb="https://yt3.ggpht.com/a-/AAuE7mAKvVh44H5L1wSbE65hqBvcp958Bej1O7HOFA=s288-mo-c-c0xffffffff-rj-k-no">ActivateWindow(10025,&quot;plugin://plugin.video.youtube/channel/UCIV1z0CuMTrLkGQyMJ2y_Lg/&quot;,return)</favourite>
    <favourite name="TVB-六點半新聞">ActivateWindow(10025,&quot;plugin://plugin.video.icdrama/?action=versions&amp;url=http%3a%2f%2fwww1.icdrama.to%2fhk-show%2f1247-news-at-6-30%2f&quot;,return)</favourite>
    <favourite name="超级直播" thumb="androidapp://sources/apps/com.hd.zhibo.png">StartAndroidActivity(&quot;com.hd.zhibo&quot;)</favourite>
    <favourite name="今日大新聞" thumb="https://yt3.ggpht.com/a/AGF-l7-mnzxbrkSBKcWCgViKhUQiu0mmy1dqfJtvAA=s288-c-k-c0xffffffff-no-rj-mo">ActivateWindow(10025,&quot;plugin://plugin.video.youtube/channel/UCOX2lH5Rzf844ykYz5OCV0Q/&quot;,return)</favourite>
    <favourite name="环球新视野" thumb="https://yt3.ggpht.com/a/AATXAJz0ihZHbWZdPNZBcM7bc9HUIO6K_XrvyQcLGA=s288-c-k-c0xffffffff-no-rj-mo">ActivateWindow(10025,&quot;plugin://plugin.video.youtube/channel/UC6aT6m2WuXUfzoahv1hDIaw/&quot;,return)</favourite>
    <favourite name="新聞龍捲風" thumb="https://yt3.ggpht.com/a/AATXAJyyauxR_0Vz_1Lp2ZmgWfou9ve-VOqrkaZU0A=s288-c-k-c0xffffffff-no-rj-mo">ActivateWindow(10025,&quot;plugin://plugin.video.youtube/channel/UCMetIbaFeT7AzX1K_YOGEjA/&quot;,return)</favourite>
    <favourite name="南海那场世纪对峙">PlayMedia(&quot;plugin://plugin.video.youtube/play/?video_id=WXJ6LC4mvHM&quot;)</favourite>
    <favourite name="總編輯時間-梁建鋒" thumb="https://yt3.ggpht.com/a/AGF-l785u6sQF-clevje6FwqIs0k81ZntWgXuSEnYg=s288-c-k-c0xffffffff-no-rj-mo">ActivateWindow(10025,&quot;plugin://plugin.video.youtube/search/?q=%e7%b8%bd%e7%b7%a8%e8%bc%af%e6%99%82%e9%96%93%2f&quot;,return)</favourite>
    <favourite name="冼師傅講場" thumb="https://yt3.ggpht.com/a/AGF-l7_Qg35rIi0wFPrOGCObxPdm5k2y8qSAX6a4Og=s288-c-k-c0xffffffff-no-rj-mo">ActivateWindow(10025,&quot;plugin://plugin.video.youtube/channel/UCFRBCHEqZNJ2Rb1IjrCC8Zw/&quot;,return)</favourite>
    <favourite name="TSC The shopping Channel(直播)">PlayMedia(&quot;plugin://plugin.video.playlistLoader/?logos=&amp;cache=0&amp;name=TSC+The+shopping+Channel%28%E7%9B%B4%E6%92%AD%29&amp;url=http%3A%2F%2Ftscstreaming-lh.akamaihd.net%2Fi%2FTSCLiveStreaming_1%4091031%2Fmaster.m3u8&amp;iconimage=&amp;mode=3&quot;)</favourite>
    <favourite name="香港劇集">ActivateWindow(10025,&quot;plugin://plugin.video.icdrama/?action=shows&amp;url=http%3a%2f%2ficdrama.to%2fhk-drama%2f&quot;,return)</favourite>
    <favourite name="Icdrama" thumb="special://home/addons/plugin.video.icdrama/icon.png">ActivateWindow(10025,&quot;plugin://plugin.video.icdrama/&quot;,return)</favourite>
    <favourite name="vChannel" thumb="androidapp://sources/apps/rssplayer.too.fiwi.rssplayer.png">StartAndroidActivity(&quot;rssplayer.too.fiwi.rssplayer&quot;)</favourite>
    <favourite name="Viki(韓劇)" thumb="special://home/addons/plugin.video.viki/icon.png">ActivateWindow(10025,&quot;plugin://plugin.video.viki/&quot;)</favourite>
    <favourite name="VIKI®" thumb="special://home/addons/plugin.video.vikir/resources/icon.png">RunAddon(plugin.video.vikir)</favourite>
    <favourite name="Instant Pot" thumb="https://pbs.twimg.com/profile_images/991389269477359616/rp4z0awD_400x400.jpg">ActivateWindow(10025,&quot;plugin://plugin.video.youtube/kodion/search/query/?q=Instant%20Pot&quot;,return)</favourite>
    <favourite name="飲食頻道" thumb="special://home/bg/icons/cooking.png">ActivateWindow(10025,&quot;plugin://plugin.video.YTfood/&quot;,return)</favourite>
    <favourite name="今日影视" thumb="androidapp://sources/apps/com.cwb.yingshi.png">StartAndroidActivity(&quot;com.cwb.yingshi&quot;)</favourite>
    <favourite name="流行經典50年">ActivateWindow(10025,&quot;plugin://plugin.video.icdrama/?action=versions&amp;url=http%3a%2f%2ficdrama.to%2fhk-show%2f2996-cantopop-at-50%2f&quot;,return)</favourite>
    <favourite name="財經透視">ActivateWindow(10025,&quot;plugin://plugin.video.icdrama/?action=versions&amp;url=http%3a%2f%2ficdrama.to%2fhk-show%2f1242-financial-magazine%2f&quot;,return)</favourite>
    <favourite name="新聞透視">ActivateWindow(10025,&quot;plugin://plugin.video.icdrama/?action=versions&amp;url=http%3a%2f%2ficdrama.to%2fhk-show%2f1238-news-magazine%2f&quot;,return)</favourite>
    <favourite name="星期日檔案">ActivateWindow(10025,&quot;plugin://plugin.video.icdrama/?action=versions&amp;url=http%3a%2f%2ficdrama.to%2fhk-show%2f1241-sunday-report%2f&quot;,return)</favourite>
    <favourite name="練狗術師" thumb="special://home/addons/plugin.video.YTdogtraining/icon.png">RunAddon(plugin.video.YTdogtraining)</favourite>
    <favourite name="蘇民峰2020年鼠年12生肖運程" thumb="https://i.ytimg.com/vi/qVZ0F7A0aaU/hqdefault.jpg">PlayMedia(&quot;plugin://plugin.video.youtube/play/?video_id=qVZ0F7A0aaU&quot;)</favourite>
    <favourite name="家燕大師2020年鼠年12生肖運程" thumb="https://i.ytimg.com/vi/4_mXnJ8RnBQ/hqdefault.jpg">PlayMedia(&quot;plugin://plugin.video.youtube/play/?video_id=4_mXnJ8RnBQ&quot;)</favourite>
    <favourite name="鍾亦禮師傅(風水教室)2020年鼠年通勝話你知" thumb="https://i.ytimg.com/vi/ndYpIGXupnU/hqdefault.jpg">PlayMedia(&quot;plugin://plugin.video.youtube/play/?video_id=ndYpIGXupnU&quot;)</favourite>
</favourites>