<favourites>
    <favourite name="超级直播" thumb="androidapp://sources/apps/com.hd.zhibo.png">StartAndroidActivity(&quot;com.hd.zhibo&quot;)</favourite>
    <favourite name="TVB-六點半新聞">ActivateWindow(10025,&quot;plugin://plugin.video.icdrama/?action=versions&amp;url=http%3a%2f%2ficdrama.se%2fhk-show%2f1247-news-at-6-30%2f&quot;,return)</favourite>
    <favourite name="Now新聞" thumb="https://yt3.ggpht.com/a-/AAuE7mCbXlUdLACVHK8TKu8H6Rqmi1OpHIfW-Y6dIg=s288-mo-c-c0xffffffff-rj-k-no">ActivateWindow(10025,&quot;plugin://plugin.video.youtube/channel/UCUlpNsT75-kbZhovVAcmz-A/&quot;,return)</favourite>
    <favourite name="有線新聞" thumb="https://yt3.ggpht.com/a-/AAuE7mAKvVh44H5L1wSbE65hqBvcp958Bej1O7HOFA=s288-mo-c-c0xffffffff-rj-k-no">ActivateWindow(10025,&quot;plugin://plugin.video.youtube/channel/UCKWpmh1v-kNrAjDkwsqqGyg/&quot;,return)</favourite>
    <favourite name="加拿大600新闻(直播)">PlayMedia(&quot;plugin://plugin.video.playlistLoader/?logos=&amp;cache=0&amp;name=%E5%8A%A0%E6%8B%BF%E5%A4%A7600%E6%96%B0%E9%97%BB%28%E7%9B%B4%E6%92%AD%29&amp;url=http%3A%2F%2Flive.italkdd.com%2Fcds160%2Fhls%2Fchannel023%2Fchannel023_2000.m3u8&amp;iconimage=&amp;mode=3&quot;)</favourite>
    <favourite name="TSC The shopping Channel(直播)">PlayMedia(&quot;plugin://plugin.video.playlistLoader/?logos=&amp;cache=0&amp;name=TSC+The+shopping+Channel%28%E7%9B%B4%E6%92%AD%29&amp;url=http%3A%2F%2Ftscstreaming-lh.akamaihd.net%2Fi%2FTSCLiveStreaming_1%4091031%2Fmaster.m3u8&amp;iconimage=&amp;mode=3&quot;)</favourite>
    <favourite name="香港開電視(直播)">PlayMedia(&quot;plugin://plugin.video.playlistLoader/?logos=&amp;cache=0&amp;name=%E5%A5%87%E5%A6%99%E7%94%B5%E8%A7%8677%E5%8F%B0&amp;url=http%3A%2F%2Fmedia.fantv.hk%2Fm3u8%2Farchive%2Fchannel2.m3u8&amp;iconimage=&amp;mode=3&quot;)</favourite>
    <favourite name="ATV經典台(直播)">PlayMedia(&quot;plugin://plugin.video.playlistLoader/?logos=&amp;cache=0&amp;name=ATV%E7%B6%93%E5%85%B8%E5%8F%B0%28%E7%9B%B4%E6%92%AD%29&amp;url=http%3A%2F%2Fc0b1d3a8f5c1b7734fb63d037657b5fa.live.prod.hkatv.com%2Fa2_abr_lo.m3u8&amp;iconimage=&amp;mode=3&quot;)</favourite>
    <favourite name="香港劇集">ActivateWindow(10025,&quot;plugin://plugin.video.icdrama/?action=shows&amp;url=http%3a%2f%2ficdrama.se%2fhk-drama%2f&quot;,return)</favourite>
    <favourite name="Icdrama" thumb="special://home/addons/plugin.video.icdrama/icon.png">ActivateWindow(10025,&quot;plugin://plugin.video.icdrama/&quot;,return)</favourite>
    <favourite name="vChannel" thumb="androidapp://sources/apps/rssplayer.too.fiwi.rssplayer.png">StartAndroidActivity(&quot;rssplayer.too.fiwi.rssplayer&quot;)</favourite>
    <favourite name="Viki(韓劇)" thumb="special://home/addons/plugin.video.viki/icon.png">ActivateWindow(10025,&quot;plugin://plugin.video.viki/&quot;)</favourite>
    <favourite name="VIKI®" thumb="special://home/addons/plugin.video.vikir/resources/icon.png">RunAddon(plugin.video.vikir)</favourite>
    <favourite name="Instant Pot" thumb="https://pbs.twimg.com/profile_images/991389269477359616/rp4z0awD_400x400.jpg">ActivateWindow(10025,&quot;plugin://plugin.video.youtube/kodion/search/query/?q=Instant%20Pot&quot;,return)</favourite>
    <favourite name="飲食頻道" thumb="special://home/bg/icons/cooking.png">ActivateWindow(10025,&quot;plugin://plugin.video.YTfood/&quot;,return)</favourite>
    <favourite name="今日影视" thumb="androidapp://sources/apps/com.cwb.yingshi.png">StartAndroidActivity(&quot;com.cwb.yingshi&quot;)</favourite>
    <favourite name="流行經典50年">ActivateWindow(10025,&quot;plugin://plugin.video.icdrama/?action=versions&amp;url=http%3a%2f%2ficdrama.to%2fhk-show%2f2996-cantopop-at-50%2f&quot;,return)</favourite>
    <favourite name="財經透視">ActivateWindow(10025,&quot;plugin://plugin.video.icdrama/?action=versions&amp;url=http%3a%2f%2ficdrama.to%2fhk-show%2f1242-financial-magazine%2f&quot;,return)</favourite>
    <favourite name="新聞透視">ActivateWindow(10025,&quot;plugin://plugin.video.icdrama/?action=versions&amp;url=http%3a%2f%2ficdrama.to%2fhk-show%2f1238-news-magazine%2f&quot;,return)</favourite>
    <favourite name="星期日檔案">ActivateWindow(10025,&quot;plugin://plugin.video.icdrama/?action=versions&amp;url=http%3a%2f%2ficdrama.to%2fhk-show%2f1241-sunday-report%2f&quot;,return)</favourite>
    <favourite name="練狗術師" thumb="special://home/addons/plugin.video.YTdogtraining/icon.png">RunAddon(plugin.video.YTdogtraining)</favourite>
</favourites>