<favourites>
    <favourite name="超级直播" thumb="androidapp://sources/apps/com.hd.zhibo.png">StartAndroidActivity(&quot;com.hd.zhibo&quot;)</favourite>
    <favourite name="TVB-六點半新聞">ActivateWindow(10025,&quot;plugin://plugin.video.icdrama/?action=versions&amp;url=http%3a%2f%2ficdrama.se%2fhk-show%2f1247-news-at-6-30%2f&quot;,return)</favourite>
    <favourite name="Now新聞" thumb="https://yt3.ggpht.com/a-/AAuE7mCbXlUdLACVHK8TKu8H6Rqmi1OpHIfW-Y6dIg=s288-mo-c-c0xffffffff-rj-k-no">ActivateWindow(10025,&quot;plugin://plugin.video.youtube/channel/UCUlpNsT75-kbZhovVAcmz-A/&quot;,return)</favourite>
    <favourite name="我係香港人" thumb="https://yt3.ggpht.com/-iLStsV9iOVY/AAAAAAAAAAI/AAAAAAAAAAA/6QCmSCUyg6k/s288-mo-c-c0xffffffff-rj-k-no/photo.jpg">ActivateWindow(10025,&quot;plugin://plugin.video.youtube/channel/UCTJZLt3Ev-qHd0a8-Gdwllg/&quot;,return)</favourite>
    <favourite name="TSC The shopping Channel(直播)">PlayMedia(&quot;plugin://plugin.video.playlistLoader/?logos=&amp;cache=0&amp;name=TSC+The+shopping+Channel%28%E7%9B%B4%E6%92%AD%29&amp;url=http%3A%2F%2Ftscstreaming-lh.akamaihd.net%2Fi%2FTSCLiveStreaming_1%4091031%2Fmaster.m3u8&amp;iconimage=&amp;mode=3&quot;)</favourite>
    <favourite name="香港開電視(直播)">PlayMedia(&quot;plugin://plugin.video.playlistLoader/?logos=&amp;cache=0&amp;name=%E5%A5%87%E5%A6%99%E7%94%B5%E8%A7%8677%E5%8F%B0&amp;url=http%3A%2F%2Fmedia.fantv.hk%2Fm3u8%2Farchive%2Fchannel2.m3u8&amp;iconimage=&amp;mode=3&quot;)</favourite>
    <favourite name="香港劇集">ActivateWindow(10025,&quot;plugin://plugin.video.icdrama/?action=shows&amp;url=http%3a%2f%2ficdrama.se%2fhk-drama%2f&quot;,return)</favourite>
    <favourite name="Icdrama" thumb="special://home/addons/plugin.video.icdrama/icon.png">ActivateWindow(10025,&quot;plugin://plugin.video.icdrama/&quot;,return)</favourite>
    <favourite name="vChannel" thumb="androidapp://sources/apps/rssplayer.too.fiwi.rssplayer.png">StartAndroidActivity(&quot;rssplayer.too.fiwi.rssplayer&quot;)</favourite>
    <favourite name="Viki(韓劇)" thumb="special://home/addons/plugin.video.viki/icon.png">ActivateWindow(10025,&quot;plugin://plugin.video.viki/&quot;)</favourite>
    <favourite name="VIKI®" thumb="special://home/addons/plugin.video.vikir/resources/icon.png">RunAddon(plugin.video.vikir)</favourite>
    <favourite name="Instant Pot" thumb="https://pbs.twimg.com/profile_images/991389269477359616/rp4z0awD_400x400.jpg">ActivateWindow(10025,&quot;plugin://plugin.video.youtube/kodion/search/query/?q=Instant%20Pot&quot;,return)</favourite>
    <favourite name="飲食頻道" thumb="special://home/bg/icons/cooking.png">ActivateWindow(10025,&quot;plugin://plugin.video.YTfood/&quot;,return)</favourite>
    <favourite name="今日影视" thumb="androidapp://sources/apps/com.cwb.yingshi.png">StartAndroidActivity(&quot;com.cwb.yingshi&quot;)</favourite>
    <favourite name="流行經典50年">ActivateWindow(10025,&quot;plugin://plugin.video.icdrama/?action=versions&amp;url=http%3a%2f%2ficdrama.to%2fhk-show%2f2996-cantopop-at-50%2f&quot;,return)</favourite>
    <favourite name="財經透視">ActivateWindow(10025,&quot;plugin://plugin.video.icdrama/?action=versions&amp;url=http%3a%2f%2ficdrama.to%2fhk-show%2f1242-financial-magazine%2f&quot;,return)</favourite>
    <favourite name="新聞透視">ActivateWindow(10025,&quot;plugin://plugin.video.icdrama/?action=versions&amp;url=http%3a%2f%2ficdrama.to%2fhk-show%2f1238-news-magazine%2f&quot;,return)</favourite>
    <favourite name="星期日檔案">ActivateWindow(10025,&quot;plugin://plugin.video.icdrama/?action=versions&amp;url=http%3a%2f%2ficdrama.to%2fhk-show%2f1241-sunday-report%2f&quot;,return)</favourite>
    <favourite name="練狗術師" thumb="special://home/addons/plugin.video.YTdogtraining/icon.png">RunAddon(plugin.video.YTdogtraining)</favourite>
    <favourite name="火鍋大王Nathan Rich" thumb="https://yt3.ggpht.com/a/AGF-l78ngY4lsF1M-z5fRTQxaHGjsHEOJ5Ly2gpjyQ=s288-mo-c-c0xffffffff-rj-k-no">ActivateWindow(10025,&quot;plugin://plugin.video.youtube/channel/UCaSlyjhR4WC7QhYuaivxb6g/&quot;,return)</favourite>
	<favourite name="蕭若元：蕭析" thumb="https://encrypted-tbn1.gstatic.com/images?q=tbn:ANd9GcSaLz_W0D6UR_z8HS3vRSYAcFAmyKEIw2RBWkWku6p0YAWUKPHB5EOxXtw">ActivateWindow(10025,&quot;plugin://plugin.video.youtube/search/?q=%e3%80%88%e8%95%ad%e8%8b%a5%e5%85%83%ef%bc%9a%e8%95%ad%e6%9e%90%e3%80%89%2f&quot;,return)</favourite>
    <favourite name="香港本土力量" thumb="https://yt3.ggpht.com/a/AGF-l785AAlJFlKLFxJTE-Wj9PiE3g8MEbl8_ipQbA=s288-mo-c-c0xffffffff-rj-k-no">ActivateWindow(10025,&quot;plugin://plugin.video.youtube/channel/UC2UcOi6RPQG5J3DovCre1JA/&quot;,return)</favourite>
    <favourite name="美國佔領一個國家的12個步驟">PlayMedia(&quot;plugin://plugin.video.youtube/play/?video_id=qyqKDomSeUk&quot;)</favourite>
    <favourite name="美國掠奪一個地方的四部曲">PlayMedia(&quot;plugin://plugin.video.youtube/play/?video_id=zffGd8RQhTA&quot;)</favourite>
</favourites>