<favourites>
    <favourite name="Jeopardy Full Episode" thumb="C:\Users\Robert\AppData\Roaming\Kodi\addons\plugin.video.dailymotion_com/resources/images/search.png">ActivateWindow(10025,&quot;plugin://plugin.video.dailymotion_com/?mode=listVideos&amp;url=https%3a%2f%2fapi.dailymotion.com%2fvideos%3ffields%3ddescription%2cduration%2cid%2cowner.username%2ctaken_time%2cthumbnail_large_url%2ctitle%2cviews_total%26search%3dJeopardy%2bFull%2bEpisode%26sort%3drelevance%26limit%3d50%26family_filter%3d1%26localization%3dca_EN%26page%3d1&quot;,return)</favourite>
    <favourite name="Jeopardy" thumb="https://yt3.ggpht.com/i6xMo2Vt15ZCpkm3JxzHiiHnk6O9DUFpQT4kSwpqJvELqIPRxEuCSBr56NAh3hynACTcSvejcg=s176-c-k-c0x00ffffff-no-rj">ActivateWindow(10025,&quot;plugin://plugin.video.youtube/search/?q=Jeopardy%2f&quot;,return)</favourite>
    <favourite name="Jeopardy - SD" thumb="https://yt3.ggpht.com/5VBH8M2KlqHH33AarlUlCcyTHaTY1j7ZdwHjnSsWuDch-ke0M_4v5Sgq1_7ZSR_ZG1xS1coTuNU=s176-c-k-c0x00ffffff-no-rj">ActivateWindow(10025,&quot;plugin://plugin.video.youtube/channel/UCTvpa8t-HzCYdXaF66WMu2w/&quot;,return)</favourite>
    <favourite name="Jeopardy - Old Episodes" thumb="https://i.ytimg.com/vi/0XWP_cdmmMQ/hqdefault.jpg">ActivateWindow(10025,&quot;plugin://plugin.video.youtube/channel/UC1CihZ51ZIL-oMYpwtfFx7A/playlist/PLAzwm-_ugsYC6SsJMjKbzvE2nk0307yIn/&quot;,return)</favourite>
</favourites>