<favourites>
    <favourite name="Mind Games - 讀心專家">ActivateWindow(10025,&quot;plugin://plugin.video.icdrama/?action=versions&amp;url=http%3a%2f%2fwww1.adrama.to%2fhk-show%2f7285-mind-games%2f&quot;,return)</favourite>
    <favourite name="無綫新聞台直播">PlayMedia(&quot;plugin://plugin.video.iptv/?logos=&amp;cache=0&amp;name=%E7%84%A1%E7%B6%AB%E6%96%B0%E8%81%9E%E5%8F%B0&amp;url=http%3A%2F%2Flivetv.dnsfor.me%3A80%2Fchannel.10.m3u8&amp;iconimage=&amp;mode=3&amp;uuid=0&quot;)</favourite>
    <favourite name="無綫7:30一小時新聞" thumb="https://i.ytimg.com/vi/O6AkKSLxKNw/hqdefault.jpg">ActivateWindow(10025,&quot;plugin://plugin.video.youtube/channel/UC_ifDTtFAcsj-wJ5JfM27CQ/playlist/PLKoXXVQa3yxCbgfZiuq61w9UhEI085PHu/&quot;,return)</favourite>
    <favourite name="TVB NEWS 6:30 無綫新聞" thumb="https://yt3.ggpht.com/a/AATXAJyid1soOElgq9HnTXEL6OZ074mWD1QR9W-niwhD=s88-c-k-c0xffffffff-no-rj-mo">ActivateWindow(10025,&quot;plugin://plugin.video.icdrama/?action=versions&amp;url=http%3a%2f%2fwww1.hkdrama.to%2fhk-show%2f1247-news-at-6-30%2f&quot;,return)</favourite>
    <favourite name="明報加拿大新聞" thumb="https://yt3.ggpht.com/a/AATXAJxwGG3aM2AJP0cZMxdTQRe66JRbBrc1BFHhH9TzLg=s176-c-k-c0x00ffffff-no-rj">ActivateWindow(10025,&quot;plugin://plugin.video.youtube/channel/UCuaiQk1XUTc3q4HaL36E_Dg/&quot;,return)</favourite>
    <favourite name="i-Cable News 有線新聞" thumb="https://yt3.ggpht.com/a/AATXAJxrVgKwGe9J-8K-rkrIrX9TL9QRRBGBBysxuSXt=s88-c-k-c0xffffffff-no-rj-mo">ActivateWindow(10025,&quot;plugin://plugin.video.youtube/playlist/PLIpRvnEkgEeVUPzeLS6JraRwmD3YcWkMz/&quot;,return)</favourite>
    <favourite name="MPWeekly明周" thumb="https://yt3.ggpht.com/ytc/AKedOLS4qB8x4jjQsqwfiIuPbgPPSV7aDGtxciZG8xbi=s176-c-k-c0x00ffffff-no-rj">ActivateWindow(10025,&quot;plugin://plugin.video.youtube/user/Mingpaoweekly/&quot;,return)</favourite>
    <favourite name="HK娛樂驛站" thumb="https://yt3.ggpht.com/ytc/AKedOLQqZT9Gj74N6fxDmnyKwh1htjCYVmiTzbBPsE4a=s800-c-k-c0x00ffffff-no-rj">ActivateWindow(10025,&quot;plugin://plugin.video.youtube/channel/UCGT-CnExA28xbZNX4AYp1tg/&quot;,return)</favourite>
    <favourite name="明星周刊" thumb="https://yt3.ggpht.com/ytc/AKedOLRWhukufd60iREjt-NcHdq-t-bQb7pHTrg73BSI=s800-c-k-c0x00ffffff-no-rj">ActivateWindow(10025,&quot;plugin://plugin.video.youtube/channel/UCvM04RAO0VeVLoLqRF_MEcQ/&quot;,return)</favourite>
    <favourite name="TVB Anywhere Life" thumb="https://yt3.ggpht.com/ytc/AAUvwnhLGXzAdIsE_bJqP0xCfermSzLcaRpiwLVtlfTGWA=s176-c-k-c0x00ffffff-no-rj">ActivateWindow(10025,&quot;plugin://plugin.video.youtube/kodion/search/query/?q=TVBAnywhereLife&amp;search_type=playlist&quot;,return)</favourite>
    <favourite name="TVB (official)" thumb="https://yt3.ggpht.com/a/AATXAJyrcChFpzJm3kpa_inzd0JZARIi_MLD-iiOcQ=s100-c-k-c0xffffffff-no-rj-mo">ActivateWindow(10025,&quot;plugin://plugin.video.youtube/channel/UCD2SNRlEjxJODlwaKx-BoRw/playlists/&quot;,return)</favourite>
    <favourite name="TVB Mystery Channel 神秘頻道" thumb="C:\Users\Robert\AppData\Roaming\Kodi\addons\plugin.video.youtube\resources\media\playlist.png">ActivateWindow(10025,&quot;plugin://plugin.video.youtube/kodion/search/query/?q=TVB%20Mystery%20Channel%20%e7%a5%9e%e7%a7%98%e9%a0%bb%e9%81%93&amp;search_type=playlist&quot;,return)</favourite>
    <favourite name="TVB Drama – Action WuXia 動作武俠" thumb="C:\Users\Robert\AppData\Roaming\Kodi\addons\plugin.video.youtube\resources\media\playlist.png">ActivateWindow(10025,&quot;plugin://plugin.video.youtube/channel/UCcadjKOwi1MLRlXb78aGx-Q/playlists/&quot;,return)</favourite>
    <favourite name="TVB Best Drama 熱播劇場" thumb="C:\Users\Robert\AppData\Roaming\Kodi\addons\plugin.video.youtube\resources\media\playlist.png">ActivateWindow(10025,&quot;plugin://plugin.video.youtube/channel/UC-vdzV9IVeIsp0YSCm16CkQ/playlists/&quot;,return)</favourite>
    <favourite name="TVB Drama – Comedy 喜劇台" thumb="C:\Users\Robert\AppData\Roaming\Kodi\addons\plugin.video.youtube\resources\media\playlist.png">ActivateWindow(10025,&quot;plugin://plugin.video.youtube/channel/UC3zIehcse5c7xRdE-baFVfw/playlists/&quot;,return)</favourite>
    <favourite name="TVB Crime &amp; Mystery Channel 神秘頻道" thumb="C:\Users\Robert\AppData\Roaming\Kodi\addons\plugin.video.youtube\resources\media\playlist.png">ActivateWindow(10025,&quot;plugin://plugin.video.youtube/channel/UCYEcRcwNhGS3fAYVrOneFew/playlists/&quot;,return)</favourite>
    <favourite name="ViuTV World" thumb="https://yt3.ggpht.com/ytc/AAUvwngc5OXDcn5P5rKChysPPHTICpfzx2Py4pEwnE7C=s176-c-k-c0x00ffffff-no-rj">ActivateWindow(10025,&quot;plugin://plugin.video.youtube/kodion/search/query/?q=ViuTV%20World&amp;search_type=playlist&quot;,return)</favourite>
    <favourite name="有線電視節目列表" thumb="https://yt3.ggpht.com/ytc/AAUvwnirCCZk8BJ0BJLWHaWP-iQYJfRbHegA44smxScsRQ=s176-c-k-c0x00ffffff-no-rj">ActivateWindow(10025,&quot;plugin://plugin.video.youtube/channel/UC_q7e5XYJB0JDGagcF0KW0w/playlists/&quot;,return)</favourite>
    <favourite name="Now 財經新聞" thumb="https://yt3.ggpht.com/a-/AAuE7mCbXlUdLACVHK8TKu8H6Rqmi1OpHIfW-Y6dIg=s288-mo-c-c0xffffffff-rj-k-no">ActivateWindow(10025,&quot;plugin://plugin.video.youtube/channel/UCChMBgirwM2nnT3Bbe8METQ/playlists/&quot;,return)</favourite>
    <favourite name="香港劇集" thumb="https://is3-ssl.mzstatic.com/image/thumb/Purple123/v4/a2/17/fb/a217fb01-9f8a-acec-83e7-e5765b47d8b7/AppIcon-0-1x_U007emarketing-0-0-85-220-0-7.png/1024x1024bb.png">ActivateWindow(10025,&quot;plugin://plugin.video.icdrama/?action=shows&amp;url=http%3a%2f%2ficdrama.to%2fhk-drama%2f&quot;,return)</favourite>
    <favourite name="Icdrama" thumb="special://home/addons/plugin.video.icdrama/icon.png">ActivateWindow(10025,&quot;plugin://plugin.video.icdrama/&quot;,return)</favourite>
    <favourite name="飲食頻道" thumb="special://home/bg/icons/cooking.png">ActivateWindow(10025,&quot;plugin://plugin.video.YTfood/&quot;,return)</favourite>
    <favourite name="流行經典50年" thumb="https://1327020374.rsc.cdn77.org/update/CA/Large/CantopopAt50_2020_Large.jpg">ActivateWindow(10025,&quot;plugin://plugin.video.icdrama/?action=versions&amp;url=http%3a%2f%2ficdrama.to%2fhk-show%2f2996-cantopop-at-50%2f&quot;,return)</favourite>
    <favourite name="財經透視" thumb="https://zh.wikipedia.org/wiki/File:Financial_Magazine.jpg">ActivateWindow(10025,&quot;plugin://plugin.video.icdrama/?action=versions&amp;url=http%3a%2f%2ficdrama.to%2fhk-show%2f1242-financial-magazine%2f&quot;,return)</favourite>
    <favourite name="新聞透視" thumb="https://upload.wikimedia.org/wikipedia/zh/thumb/6/64/Financial_Magazine.jpg/300px-Financial_Magazine.jpg">ActivateWindow(10025,&quot;plugin://plugin.video.icdrama/?action=versions&amp;url=http%3a%2f%2ficdrama.to%2fhk-show%2f1238-news-magazine%2f&quot;,return)</favourite>
    <favourite name="星期日檔案" thumb="https://www.google.ca/url?sa=i&url=https%3A%2F%2Fzh.wikipedia.org%2Fwiki%2F%25E6%2598%259F%25E6%259C%259F%25E4%25BA%258C%25E6%25AA%2594%25E6%25A1%2588&psig=AOvVaw1Hm7r61V31PkaGkg4WA_0u&ust=1608769538212000&source=images&cd=vfe&ved=0CAIQjRxqFwoTCODWzOLr4u0CFQAAAAAdAAAAABAX">ActivateWindow(10025,&quot;plugin://plugin.video.icdrama/?action=versions&amp;url=http%3a%2f%2ficdrama.to%2fhk-show%2f1241-sunday-report%2f&quot;,return)</favourite>
    <favourite name="八八通" thumb="https://yt3.ggpht.com/-16m06v5p7I0/AAAAAAAAAAI/AAAAAAAAAAA/GYFZFRdrU88/s240-c-k-no-rj-c0xffffff/photo.jpg">ActivateWindow(10025,&quot;plugin://plugin.video.youtube/channel/UCeFbWIhDj_tjTOTe1P3cVHA/&quot;,return)</favourite>
    <favourite name="東Touch" thumb="https://yt3.ggpht.com/-2UPyDul4IZk/AAAAAAAAAAI/AAAAAAAAAAA/9sZwPI1aLm8/s100-c-k-no-mo-rj-c0xffffff/photo.jpg">ActivateWindow(10025,&quot;plugin://plugin.video.youtube/user/EastTOUCHhk/&quot;,return)</favourite>
    <favourite name="東周網" thumb="https://yt3.ggpht.com/-Ak12dd6RJWY/AAAAAAAAAAI/AAAAAAAAAAA/Ks4e7PCESzs/s240-c-k-no-rj-c0xffffff/photo.jpg">ActivateWindow(10025,&quot;plugin://plugin.video.youtube/channel/UCsTeCS6s9YoNn2kbQVAgDsQ/&quot;,return)</favourite>
    <favourite name="頭條日報" thumb="https://yt3.ggpht.com/-Ycjhca-2-8w/AAAAAAAAAAI/AAAAAAAAAAA/f19V5Nz5_x0/s100-c-k-no-mo-rj-c0xffffff/photo.jpg">ActivateWindow(10025,&quot;plugin://plugin.video.youtube/user/hkheadlinenews/&quot;,return)</favourite>
    <favourite name="解密工作室" thumb="https://yt3.ggpht.com/ytc/AAUvwni00UZkcRY5ikjqb4o9wdy8DM--jrjgvEYArGF8=s176-c-k-c0x00ffffff-no-rj">ActivateWindow(10025,&quot;plugin://plugin.video.youtube/channel/UCtokllq2j9bzPD6XdcQP9mQ/&quot;,return)</favourite>
    <favourite name="Mr. Atom 原子檔案" thumb="C:\Users\Robert\AppData\Roaming\Kodi\addons\plugin.video.youtube\resources\media\search.png">ActivateWindow(10025,&quot;plugin://plugin.video.youtube/kodion/search/query/?q=Mr.%20Atom%20%e5%8e%9f%e5%ad%90%e6%aa%94%e6%a1%88&quot;,return)</favourite>
    <favourite name="Just For Fun" thumb="https://yt3.ggpht.com/ytc/AAUvwnjviPxy9sHpsMw-mz3vQbwXohuLMhUu-Fxc_PH1yg=s176-c-k-c0x00ffffff-no-rj">ActivateWindow(10025,&quot;plugin://plugin.video.youtube/channel/UCfmhgy-jmq_P2m-rSXsEq3g/&quot;,return)</favourite>
    <favourite name="娛樂香港新聞透視" thumb="https://yt3.ggpht.com/-SspnPA0LxMY/AAAAAAAAAAI/AAAAAAAAAAA/dhuxokvTOL4/s288-mo-c-c0xffffffff-rj-k-no/photo.jpg">ActivateWindow(10025,&quot;plugin://plugin.video.youtube/channel/UCLtcC8s-2JJ_5iUxcAO462Q/&quot;,return)</favourite>
    <favourite name="明報新聞(多倫多,加國及其他)" thumb="https://yt3.ggpht.com/-b-yT1RhZyc4/AAAAAAAAAAI/AAAAAAAAAAA/GQUASiScP9w/s100-c-k-no-mo-rj-c0xffffff/photo.jpg">ActivateWindow(10025,&quot;plugin://plugin.video.youtube/channel/UCuaiQk1XUTc3q4HaL36E_Dg/playlists/&quot;,return)</favourite>
    <favourite name="多倫多 WOWtv" thumb="https://yt3.ggpht.com/-gYZVZ2dGwUk/AAAAAAAAAAI/AAAAAAAAAAA/5rJVdrjlPSE/s176-c-k-no-rj-c0xffffff/photo.jpg">ActivateWindow(10025,&quot;plugin://plugin.video.youtube/channel/UC5kySUzP0p4Q4Y1rnQLX_bw/&quot;,return)</favourite>
    <favourite name="恩雨之聲" thumb="https://yt3.ggpht.com/-g4j3jPE-tcg/AAAAAAAAAAI/AAAAAAAAAAA/-qthveptCm8/s100-c-k-no-rj-c0xffffff/photo.jpg">ActivateWindow(10025,&quot;plugin://plugin.video.youtube/channel/UCgwOhn9ghL2jY5qJEzpzSzw/&quot;,return)</favourite>
    <favourite name="Lorey Chan 好書推介" thumb="https://yt3.ggpht.com/a/AATXAJwrTyLnojcRwlZ9s1FS2uUnetCsmzczQNb2a59qLA=s88-c-k-c0xffffffff-no-rj-mo">ActivateWindow(10025,&quot;plugin://plugin.video.youtube/playlist/PLFkHgNWcmIh6kwEP_rPXfcFKAh__L4cmt/&quot;,return)</favourite>
    <favourite name="Mr &amp; Mrs Gao" thumb="https://yt3.ggpht.com/a/AATXAJw-9mrcVRGrOcO8eMBKxp6hwRYd1vJSqDKG4smsNw=s100-c-k-c0xffffffff-no-rj-mo">ActivateWindow(10025,&quot;plugin://plugin.video.youtube/channel/UCMUnInmOkrWN4gof9KlhNmQ/&quot;,return)</favourite>
    <favourite name="科学声音" thumb="https://yt3.ggpht.com/ytc/AAUvwngWho7Hr5bMi5ccYSqFd-xLJlqkz-kOPFC7tVcS=s176-c-k-c0x00ffffff-no-rj">ActivateWindow(10025,&quot;plugin://plugin.video.youtube/channel/UCUBhobCkTLhgfUNRAgHSYmw/&quot;,return)</favourite>
    <favourite name="TSC The shopping Channel(直播)" thumb="https://charmingmedia.ca/wp-content/uploads/2014/07/the-shopping-channel-logo.jpg">PlayMedia(&quot;plugin://plugin.video.playlistLoader/?logos=&amp;cache=0&amp;name=TSC+The+shopping+Channel%28%E7%9B%B4%E6%92%AD%29&amp;url=http%3A%2F%2Ftscstreaming-lh.akamaihd.net%2Fi%2FTSCLiveStreaming_1%4091031%2Fmaster.m3u8&amp;iconimage=&amp;mode=3&quot;)</favourite>
    <favourite name="冰島潮什麼">ActivateWindow(10025,&quot;plugin://plugin.video.icdrama/?action=versions&amp;url=http%3a%2f%2fwww1.adrama.to%2fhk-show%2f7195-hipster-tour-series%2f&quot;,return)</favourite>
    <favourite name="無窮之路" thumb="https://1327020374.rsc.cdn77.org/update/CA/Large/NoPovertyLand_Large.jpg">ActivateWindow(10025,&quot;plugin://plugin.video.icdrama/?action=versions&amp;url=http%3a%2f%2fwww1.hkdrama.to%2fhk-show%2f7059-no-poverty-land%2f&quot;,return)</favourite>
    <favourite name="尋人記-方東昇">ActivateWindow(10025,&quot;plugin://plugin.video.icdrama/?action=versions&amp;url=http%3a%2f%2fwww1.hkdrama.to%2fhk-show%2f6783-missing-people%2f&quot;,return)</favourite>
    <favourite name="這麼遠 那麼近-方東昇" thumb="https://i.ytimg.com/vi/1eykDN6luuo/hqdefault.jpg">ActivateWindow(10025,&quot;plugin://plugin.video.youtube/channel/UCaA4Wqk9sf2prQbjoVBtnPw/playlist/PLCGAsPLmtY28brHkRXonte3LDEY7pr_X5/&quot;,return)</favourite>
    <favourite name="長命百二歲-方東昇" thumb="https://i.ytimg.com/vi/stCClc38Esk/hqdefault.jpg">ActivateWindow(10025,&quot;plugin://plugin.video.youtube/channel/UCvdc-bj7Onv5XhEC5z8_JUg/playlist/PLhbhEbEB8P3r7CBSv0zuLCHq7a-AGWU9U/&quot;,return)</favourite>
    <favourite name="世界零距離-方東昇" thumb="https://i.ytimg.com/vi/r1QeQoDcNnE/hqdefault.jpg">ActivateWindow(10025,&quot;plugin://plugin.video.youtube/channel/UCvdc-bj7Onv5XhEC5z8_JUg/playlist/PLhbhEbEB8P3qHxdq__peUJM2aM1zc7YVs/&quot;,return)</favourite>
    <favourite name="最强大脑" thumb="https://yt3.ggpht.com/ytc/AAUvwngmIMZ2zhjnTOGM-B0dM0JZZ-axnNnfaMSXHMwX=s176-c-k-c0x00ffffff-no-rj">ActivateWindow(10025,&quot;plugin://plugin.video.youtube/kodion/search/query/?q=%e6%9c%80%e5%bc%ba%e5%a4%a7%e8%84%91&quot;,return)</favourite>
    <favourite name="2021生肖運程" thumb="https://yt3.ggpht.com/ytc/AAUvwnh7wvoUsI1pJnDIKElGxkTu-XWj8Wjqk_BWNZKtuQ=s800-c-k-c0x00ffffff-no-rj">ActivateWindow(10025,&quot;plugin://plugin.video.youtube/channel/UC0wKF9ei-sOPf1OswSOXTdQ/&quot;,return)</favourite>
</favourites>