<favourites>
    <favourite name="TVB NEWS 無綫新聞" thumb="https://yt3.ggpht.com/a/AATXAJyid1soOElgq9HnTXEL6OZ074mWD1QR9W-niwhD=s88-c-k-c0xffffffff-no-rj-mo">ActivateWindow(10025,&quot;plugin://plugin.video.youtube/playlist/PLKoXXVQa3yxCbgfZiuq61w9UhEI085PHu/&quot;,return)</favourite>
    <favourite name="i-Cable News 有線新聞" thumb="https://yt3.ggpht.com/a/AATXAJxrVgKwGe9J-8K-rkrIrX9TL9QRRBGBBysxuSXt=s88-c-k-c0xffffffff-no-rj-mo">ActivateWindow(10025,&quot;plugin://plugin.video.youtube/playlist/PLIpRvnEkgEeVUPzeLS6JraRwmD3YcWkMz/&quot;,return)</favourite>
    <favourite name="東網點評" thumb="https://yt3.ggpht.com/-RaYcmdVASWQ/AAAAAAAAAAI/AAAAAAAAAAA/fSo0Yjk_GuQ/s240-c-k-no-rj-c0xffffff/photo.jpg">ActivateWindow(10025,&quot;plugin://plugin.video.youtube/playlist/PLKF-pTEnmquyxOTnG1gqPo2AmsBEjFjOI/&quot;,return)</favourite>
	<favourite name="香港開電視(直播)" thumb="https://yt3.ggpht.com/a-/AAuE7mBcObYJRIG8L-9bskQKN13B8BzfiGeePfNPfg=s288-mo-c-c0xffffffff-rj-k-no">PlayMedia(&quot;plugin://plugin.video.playlistLoader/?logos=&amp;cache=0&amp;name=%E5%A5%87%E5%A6%99%E7%94%B5%E8%A7%8677%E5%8F%B0&amp;url=http%3A%2F%2Fmedia.fantv.hk%2Fm3u8%2Farchive%2Fchannel2.m3u8&amp;iconimage=&amp;mode=3&quot;)</favourite>
    <favourite name="环球新视野" thumb="https://yt3.ggpht.com/a/AATXAJz0ihZHbWZdPNZBcM7bc9HUIO6K_XrvyQcLGA=s288-c-k-c0xffffffff-no-rj-mo">ActivateWindow(10025,&quot;plugin://plugin.video.youtube/channel/UC6aT6m2WuXUfzoahv1hDIaw/&quot;,return)</favourite>
    <favourite name="点亮历史" thumb="https://yt3.ggpht.com/a/AATXAJx3GN3TninemlBAP2e46jL11ZqBMfHMk-aimYca=s100-c-k-c0xffffffff-no-rj-mo">ActivateWindow(10025,&quot;plugin://plugin.video.youtube/channel/UCvYes_0afVM6GeTTFzELW4Q/&quot;,return)</favourite>
    <favourite name="每日谈Lei Talk" thumb="https://yt3.ggpht.com/a/AATXAJzP1GROhwHnIioy4TVg0Xvbbqu7kfLKXQJpGA=s100-c-k-c0xffffffff-no-rj-mo">ActivateWindow(10025,&quot;plugin://plugin.video.youtube/channel/UCD_gy8DWV_DhjJ-bQXF5dGQ/&quot;,return)</favourite>
    <favourite name="總編輯時間-梁建鋒" thumb="https://yt3.ggpht.com/a/AGF-l785u6sQF-clevje6FwqIs0k81ZntWgXuSEnYg=s288-c-k-c0xffffffff-no-rj-mo">ActivateWindow(10025,&quot;plugin://plugin.video.youtube/search/?q=%e7%b8%bd%e7%b7%a8%e8%bc%af%e6%99%82%e9%96%93%2f&quot;,return)</favourite>
    <favourite name="冼師傅講場" thumb="https://yt3.ggpht.com/a/AGF-l7_Qg35rIi0wFPrOGCObxPdm5k2y8qSAX6a4Og=s288-c-k-c0xffffffff-no-rj-mo">ActivateWindow(10025,&quot;plugin://plugin.video.youtube/channel/UCFRBCHEqZNJ2Rb1IjrCC8Zw/&quot;,return)</favourite>
    <favourite name="Lorey Chan 好書推介" thumb="https://yt3.ggpht.com/a/AATXAJwrTyLnojcRwlZ9s1FS2uUnetCsmzczQNb2a59qLA=s88-c-k-c0xffffffff-no-rj-mo">ActivateWindow(10025,&quot;plugin://plugin.video.youtube/playlist/PLFkHgNWcmIh6kwEP_rPXfcFKAh__L4cmt/&quot;,return)</favourite>
    <favourite name="Mr & Mrs Gao" thumb="https://yt3.ggpht.com/a/AATXAJw-9mrcVRGrOcO8eMBKxp6hwRYd1vJSqDKG4smsNw=s100-c-k-c0xffffffff-no-rj-mo">ActivateWindow(10025,&quot;plugin://plugin.video.youtube/channel/UCMUnInmOkrWN4gof9KlhNmQ/&quot;,return)</favourite>
    <favourite name="香港劇集">ActivateWindow(10025,&quot;plugin://plugin.video.icdrama/?action=shows&amp;url=http%3a%2f%2ficdrama.to%2fhk-drama%2f&quot;,return)</favourite>
    <favourite name="Icdrama" thumb="special://home/addons/plugin.video.icdrama/icon.png">ActivateWindow(10025,&quot;plugin://plugin.video.icdrama/&quot;,return)</favourite>
    <favourite name="Viki(韓劇)" thumb="special://home/addons/plugin.video.viki/icon.png">ActivateWindow(10025,&quot;plugin://plugin.video.viki/&quot;)</favourite>
    <favourite name="VIKI®" thumb="special://home/addons/plugin.video.vikir/resources/icon.png">RunAddon(plugin.video.vikir)</favourite>
    <favourite name="Instant Pot" thumb="https://pbs.twimg.com/profile_images/991389269477359616/rp4z0awD_400x400.jpg">ActivateWindow(10025,&quot;plugin://plugin.video.youtube/kodion/search/query/?q=Instant%20Pot&quot;,return)</favourite>
    <favourite name="飲食頻道" thumb="special://home/bg/icons/cooking.png">ActivateWindow(10025,&quot;plugin://plugin.video.YTfood/&quot;,return)</favourite>
    <favourite name="流行經典50年">ActivateWindow(10025,&quot;plugin://plugin.video.icdrama/?action=versions&amp;url=http%3a%2f%2ficdrama.to%2fhk-show%2f2996-cantopop-at-50%2f&quot;,return)</favourite>
    <favourite name="財經透視">ActivateWindow(10025,&quot;plugin://plugin.video.icdrama/?action=versions&amp;url=http%3a%2f%2ficdrama.to%2fhk-show%2f1242-financial-magazine%2f&quot;,return)</favourite>
    <favourite name="新聞透視">ActivateWindow(10025,&quot;plugin://plugin.video.icdrama/?action=versions&amp;url=http%3a%2f%2ficdrama.to%2fhk-show%2f1238-news-magazine%2f&quot;,return)</favourite>
    <favourite name="星期日檔案">ActivateWindow(10025,&quot;plugin://plugin.video.icdrama/?action=versions&amp;url=http%3a%2f%2ficdrama.to%2fhk-show%2f1241-sunday-report%2f&quot;,return)</favourite>
    <favourite name="TSC The shopping Channel(直播)">PlayMedia(&quot;plugin://plugin.video.playlistLoader/?logos=&amp;cache=0&amp;name=TSC+The+shopping+Channel%28%E7%9B%B4%E6%92%AD%29&amp;url=http%3A%2F%2Ftscstreaming-lh.akamaihd.net%2Fi%2FTSCLiveStreaming_1%4091031%2Fmaster.m3u8&amp;iconimage=&amp;mode=3&quot;)</favourite>
</favourites>