<?xml version="1.0" encoding="UTF-8" standalone="yes"?>
<addon id="plugin.video.cbcolympics"
       name="CBC Olympics"
       version="2.2.0"
       provider-name="fourpointsix">
  <requires>
    <!-- Enable this for Kodi 16.x through 18.x -->
    <import addon="xbmc.python" version="2.24.0"/>
    <!-- Enable this for Kodi 19.x and newer -->
    <!--<import addon="xbmc.python" version="3.0.0"/>-->
  </requires>
  <extension point="xbmc.python.pluginsource" library="default.py">
    <provides>video</provides>
  </extension>
  <extension point="xbmc.addon.metadata">
    <summary lang="en_GB">CBC Olympics</summary>
    <description lang="en_GB">Beijing 2022 Winter Olympics streams from the CBC. Streams are geo-blocked so you must be on a Canadian IP for this to work.</description>
    <platform>all</platform>
    <language>en_GB</language>
    <license>GPL-3.0-only</license>
    <source>https://github.com/fourpointsix/plugin.video.cbcolympics</source>
    <news>v2.0.0 (2021-07-29)
- Re-written for Tokyo 2020

v2.1.0 (2021-08-04)
- Better handling of M3U8 files and bitrate selection since 7 Mbit 1080p streams were added.
- More consistent handling of URLs containing Unicode characters
- Added five more "features" categories

v2.2.0 (2022-01-28)
- Updated for Beijing 2022
</news>
    <assets>
      <icon>icon.png</icon>
      <fanart>fanart.jpg</fanart>
    </assets>
  </extension>
</addon>