<?xml version="1.0" encoding="UTF-8"?>
<addon id="plugin.video.supershortcuts"
version="1.0.55"
name="超級捷徑"
provider-name="primaeval modded by misc123">
<requires>
  <import addon="xbmc.python" version="2.20.0"/>
  <import addon="script.module.xbmcswift2" version="2.4.0"/>
  <import addon="script.module.requests" version="2.9.1" />
</requires>
<extension point="xbmc.python.pluginsource" library="main.py">
  <provides>executable</provides>
</extension>
<extension point="xbmc.addon.metadata">
  <summary lang="en">Supershortcuts</summary>
  <description lang="en"></description>
  <disclaimer lang="en">.</disclaimer>
</extension>
</addon>

