<favourites>
    <favourite name="超级直播" thumb="androidapp://sources/apps/com.hd.zhibo.png">StartAndroidActivity(&quot;com.hd.zhibo&quot;)</favourite>
    <favourite name="ViuTV 香港新聞" thumb="https://yt3.ggpht.com/a-/AN66SAyXWuZ6kjsCurxT6eb98Y65XxyFUp_u7KABzQ=s288-mo-c-c0xffffffff-rj-k-no">ActivateWindow(10025,&quot;plugin://plugin.video.youtube/channel/UCKWpmh1v-kNrAjDkwsqqGyg/&quot;,return)</favourite>
    <favourite name="TVB-六點半新聞">ActivateWindow(10025,&quot;plugin://plugin.video.icdrama/?action=versions&amp;url=http%3a%2f%2ficdrama.se%2fhk-show%2f1247-news-at-6-30%2f&quot;,return)</favourite>
    <favourite name="加拿大600新闻(直播)">PlayMedia(&quot;plugin://plugin.video.playlistLoader/?logos=&amp;cache=0&amp;name=%E5%8A%A0%E6%8B%BF%E5%A4%A7600%E6%96%B0%E9%97%BB%28%E7%9B%B4%E6%92%AD%29&amp;url=http%3A%2F%2Flive.italkdd.com%2Fcds160%2Fhls%2Fchannel023%2Fchannel023_2000.m3u8&amp;iconimage=&amp;mode=3&quot;)</favourite>
    <favourite name="CBC Toronto(直播)" thumb="https://thumbnails.cbc.ca/maven_legacy/thumbnails/CBC_OTT_VMS/Live_Channel_Static_Images/Toronto_2880x1620.jpg">PlayMedia(&quot;plugin://plugin.video.cbc/?image=https%3A%2F%2Fthumbnails.cbc.ca%2Fmaven_legacy%2Fthumbnails%2FCBC_OTT_VMS%2FLive_Channel_Static_Images%2FToronto_2880x1620.jpg&amp;labels=plot%3DThe%2Blive%2BTV%2Bchannel%2Band%2Blocal%2Bprogramming%2Bfrom%2BToronto%26plotoutline%3DThe%2Blive%2BTV%2Bchannel%2Band%2Blocal%2Bprogramming%2Bfrom%2BToronto%26title%3DCBLT%2BToronto%26country%3DCanada%26mediatype%3Dvideo%26studio%3DCanadian%2BBroadcasting%2BCorporation&amp;smil=http%3A%2F%2Flink.theplatform.com%2Fs%2FExhSPC%2Fvq4XKUmS9vec%2Fmeta.smil%3Fmanifest%3Dm3u%26feed%3DOTT%2520Live%2520Linear-%2520PROD%26format%3Dsmil%26mbr%3Dtrue&quot;)</favourite>
    <favourite name="TSC The shopping Channel(直播)">PlayMedia(&quot;plugin://plugin.video.playlistLoader/?logos=&amp;cache=0&amp;name=TSC+The+shopping+Channel%28%E7%9B%B4%E6%92%AD%29&amp;url=http%3A%2F%2Ftscstreaming-lh.akamaihd.net%2Fi%2FTSCLiveStreaming_1%4091031%2Fmaster.m3u8&amp;iconimage=&amp;mode=3&quot;)</favourite>
    <favourite name="香港開電視(直播)">PlayMedia(&quot;plugin://plugin.video.playlistLoader/?logos=&amp;cache=0&amp;name=%E5%A5%87%E5%A6%99%E7%94%B5%E8%A7%8677%E5%8F%B0&amp;url=http%3A%2F%2Fmedia.fantv.hk%2Fm3u8%2Farchive%2Fchannel2.m3u8&amp;iconimage=&amp;mode=3&quot;)</favourite>
    <favourite name="ATV經典台(直播)">PlayMedia(&quot;plugin://plugin.video.playlistLoader/?logos=&amp;cache=0&amp;name=ATV%E7%B6%93%E5%85%B8%E5%8F%B0%28%E7%9B%B4%E6%92%AD%29&amp;url=http%3A%2F%2Fc0b1d3a8f5c1b7734fb63d037657b5fa.live.prod.hkatv.com%2Fa2_abr_lo.m3u8&amp;iconimage=&amp;mode=3&quot;)</favourite>
    <favourite name="香港劇集">ActivateWindow(10025,&quot;plugin://plugin.video.icdrama/?action=shows&amp;url=http%3a%2f%2ficdrama.se%2fhk-drama%2f&quot;,return)</favourite>
    <favourite name="Icdrama" thumb="special://home/addons/plugin.video.icdrama/icon.png">ActivateWindow(10025,&quot;plugin://plugin.video.icdrama/&quot;,return)</favourite>
    <favourite name="vChannel" thumb="androidapp://sources/apps/rssplayer.too.fiwi.rssplayer.png">StartAndroidActivity(&quot;rssplayer.too.fiwi.rssplayer&quot;)</favourite>
    <favourite name="Viki(韓劇)" thumb="special://home/addons/plugin.video.viki/icon.png">ActivateWindow(10025,&quot;plugin://plugin.video.viki/&quot;)</favourite>
    <favourite name="VIKI®" thumb="special://home/addons/plugin.video.vikir/resources/icon.png">RunAddon(plugin.video.vikir)</favourite>
    <favourite name="Instant Pot" thumb="https://pbs.twimg.com/profile_images/991389269477359616/rp4z0awD_400x400.jpg">ActivateWindow(10025,&quot;plugin://plugin.video.youtube/kodion/search/query/?q=Instant%20Pot&quot;,return)</favourite>
    <favourite name="飲食頻道" thumb="special://home/bg/icons/cooking.png">ActivateWindow(10025,&quot;plugin://plugin.video.YTfood/&quot;,return)</favourite>
    <favourite name="今日影视" thumb="androidapp://sources/apps/com.cwb.yingshi.png">StartAndroidActivity(&quot;com.cwb.yingshi&quot;)</favourite>
    <favourite name="流行經典50年">ActivateWindow(10025,&quot;plugin://plugin.video.icdrama/?action=versions&amp;url=http%3a%2f%2ficdrama.to%2fhk-show%2f2996-cantopop-at-50%2f&quot;,return)</favourite>
    <favourite name="財經透視">ActivateWindow(10025,&quot;plugin://plugin.video.icdrama/?action=versions&amp;url=http%3a%2f%2ficdrama.to%2fhk-show%2f1242-financial-magazine%2f&quot;,return)</favourite>
    <favourite name="新聞透視">ActivateWindow(10025,&quot;plugin://plugin.video.icdrama/?action=versions&amp;url=http%3a%2f%2ficdrama.to%2fhk-show%2f1238-news-magazine%2f&quot;,return)</favourite>
    <favourite name="星期日檔案">ActivateWindow(10025,&quot;plugin://plugin.video.icdrama/?action=versions&amp;url=http%3a%2f%2ficdrama.to%2fhk-show%2f1241-sunday-report%2f&quot;,return)</favourite>
    <favourite name="2018香港大事回顧">ActivateWindow(10025,&quot;plugin://plugin.video.icdrama/?action=versions&amp;url=http%3a%2f%2ficdrama.to%2fhk-show%2f4392-hong-kong-review-2018%2f&quot;,return)</favourite>
    <favourite name="2018兩岸大事回顧">ActivateWindow(10025,&quot;plugin://plugin.video.icdrama/?action=versions&amp;url=http%3a%2f%2ficdrama.to%2fhk-show%2f4394-china-review-2018%2f&quot;,return)</favourite>
    <favourite name="2018財經大事回顧">ActivateWindow(10025,&quot;plugin://plugin.video.icdrama/?action=versions&amp;url=http%3a%2f%2ficdrama.to%2fhk-show%2f4391-financial-review-2018%2f&quot;,return)</favourite>
    <favourite name="蘇民峰2019豬年12生肖運程" thumb="https://i.ytimg.com/vi/Uj3So1zD18E/hqdefault.jpg">PlayMedia(&quot;plugin://plugin.video.youtube/play/?video_id=Uj3So1zD18E&quot;)</favourite>
    <favourite name="練狗術師" thumb="special://home/addons/plugin.video.YTdogtraining/icon.png">RunAddon(plugin.video.YTdogtraining)</favourite>
</favourites>