<?xml version="1.0" encoding="UTF-8" standalone="yes"?>
<addon id="plugin.video.NewApps"
	name="新增頻道（測試中）"
	version="1.1.0"
	provider-name="misc123">
  <requires>
    <import addon="xbmc.python" version="2.1.0"/>
    <import addon="script.module.addon.common" version="2.0.0"/>
  </requires>
  <extension point="xbmc.python.pluginsource" library="default.py">
    <provides>video</provides>
  </extension>
  <extension point="xbmc.addon.metadata">
    <summary lang="en">New Apps</summary>
    <description lang="en">New Apps</description>
    <platform>all</platform>
    <forum></forum>
    <website></website>
  </extension>
</addon>
