<favourites>
    <favourite name="Korean Drama">ActivateWindow(10025,&quot;plugin://plugin.video.icdrama/?action=shows&amp;url=http%3a%2f%2ficdrama.to%2fkorean-drama%2f&quot;,return)</favourite>
    <favourite name="Korean Drama (Cantonese)">ActivateWindow(10025,&quot;plugin://plugin.video.icdrama/?action=shows&amp;url=http%3a%2f%2ficdrama.to%2fkorean-drama-cantonesedub%2f&quot;,return)</favourite>
    <favourite name="Korean Drama (Chinese Subtitles)">ActivateWindow(10025,&quot;plugin://plugin.video.icdrama/?action=shows&amp;url=http%3a%2f%2ficdrama.to%2fkorean-drama-chinesesubtitles%2f&quot;,return)</favourite>
    <favourite name="Korean Variety">ActivateWindow(10025,&quot;plugin://plugin.video.icdrama/?action=shows&amp;url=http%3a%2f%2ficdrama.to%2fkorean-show%2f&quot;,return)</favourite>
    <favourite name="韓國電影1" thumb="">ActivateWindow(10025,&quot;plugin://plugin.video.youtube/playlist/PLveNA5MZsdPiwURu7ZqFQk1i8PeAhDanY/&quot;,return)</favourite>
    <favourite name="韓國電影2" thumb="">ActivateWindow(10025,&quot;plugin://plugin.video.youtube/playlist/PLNXV67QC5EtGAGZgqiXlpIQipsOOcLupM/&quot;,return)</favourite>
    <favourite name="韓國電影3" thumb="http://www.hancinema.net/images/logo_hancinema_pure.png">ActivateWindow(10025,&quot;plugin://plugin.video.youtube/search/?q=korean%20movies%20chinese%20subtitles%2f&quot;,return)</favourite>
    <favourite name="韓國電影4" thumb="https://upload.wikimedia.org/wikipedia/commons/1/13/KoreaSfilm.png">ActivateWindow(10025,&quot;plugin://plugin.video.youtube/channel/UCE-Az3DaIYjP9lqxSmQJUCw/playlist/PLx6zdlARSHzb7F26GQaDfvKHa7wiRW_VB/&quot;,return)</favourite>
    <favourite name="Dramago 韓劇（英文字幕）" thumb="special://home/addons/plugin.video.dramago\icon.png">ActivateWindow(10025,&quot;plugin://plugin.video.dramago/&quot;,return)</favourite>
    <favourite name="VIKI®" thumb="C:\Users\rober\AppData\Roaming\Kodi\addons\plugin.video.vikir\resources\icon.png">ActivateWindow(10025,&quot;plugin://plugin.video.vikir/&quot;,return)</favourite>
</favourites>
