<favourites>
    <favourite name="電視直播(無線新聞 etc.)" thumb="special://home/addons/plugin.video.hklive/icon.png">StartAndroidActivity(&quot;com.gcappslab.gcorso.letsbookmark&quot;)</favourite>
    <favourite name="超级直播" thumb="androidapp://sources/apps/com.hd.zhibo.png">StartAndroidActivity(&quot;com.hd.zhibo&quot;)</favourite>
    <favourite name="Global TV" thumb="androidapp://sources/apps/com.corus.fire.amazon.amazonfirewrapper.png">StartAndroidActivity(&quot;com.corus.fire.amazon.amazonfirewrapper&quot;)</favourite>
    <favourite name="CTV" thumb="androidapp://sources/apps/ca.bellmedia.ctv.png">StartAndroidActivity(&quot;ca.bellmedia.ctv&quot;)</favourite>
    <favourite name="ABC News Live" thumb="androidapp://sources/apps/com.abc.abcnews.firetv.png">StartAndroidActivity(&quot;com.abc.abcnews.firetv&quot;)</favourite>
    <favourite name="CBS News" thumb="androidapp://sources/apps/com.cbsnews.ott.png">StartAndroidActivity(&quot;com.cbsnews.ott&quot;)</favourite>
    <favourite name="CNN go" thumb="androidapp://sources/apps/com.cnn.mobile.fire.tv.png">StartAndroidActivity(&quot;com.cnn.mobile.fire.tv&quot;)</favourite>
    <favourite name="Haystack News" thumb="androidapp://sources/apps/com.haystack.android.png">StartAndroidActivity(&quot;com.haystack.android&quot;)</favourite>
</favourites>

